no_trees,depth,no_features,no_thresholds,no_leaves,our_bits,lgb_bits,logloss,rmse,accuracy,tinygbdt_penalty_feature,tinygbdt_penalty_split
4.0,3.0,10.0,69.0,40.0,2725.0,4080.0,0.0,0.0,0.7316850683717288,2.0,1.0
4.0,5.0,24.0,254.0,157.0,10560.0,17184.0,0.0,0.0,0.769980120995155,2.0,1.0
4.0,7.0,30.0,869.0,558.0,39957.0,62096.0,0.0,0.0,0.7911241534211682,2.0,1.0
9.0,3.0,17.0,133.0,80.0,5303.0,8160.0,0.0,0.0,0.7370119532197964,2.0,1.0
9.0,5.0,24.0,477.0,317.0,20799.0,34704.0,0.0,0.0,0.7767097235011144,2.0,1.0
8.0,7.0,33.0,1453.0,985.0,69788.0,109600.0,0.0,0.0,0.7960207567790849,2.0,1.0
14.0,3.0,18.0,189.0,120.0,7722.0,12240.0,0.0,0.0,0.7444041892205882,2.0,1.0
14.0,5.0,28.0,697.0,474.0,30864.0,51888.0,0.0,0.0,0.7785857507981722,2.0,1.0
8.0,7.0,33.0,1453.0,985.0,69788.0,109600.0,0.0,0.0,0.7960207567790849,2.0,1.0
19.0,3.0,19.0,245.0,160.0,10272.0,16320.0,0.0,0.0,0.7489909899055962,2.0,1.0
19.0,5.0,30.0,902.0,628.0,40963.0,68736.0,0.0,0.0,0.7824754954691359,2.0,1.0
8.0,7.0,33.0,1453.0,985.0,69788.0,109600.0,0.0,0.0,0.7960207567790849,2.0,1.0
29.0,3.0,23.0,362.0,240.0,15276.0,24480.0,0.0,0.0,0.7614003080815469,2.0,1.0
29.0,5.0,34.0,1310.0,930.0,61451.0,101760.0,0.0,0.0,0.7879056478748397,2.0,1.0
8.0,7.0,33.0,1453.0,985.0,69788.0,109600.0,0.0,0.0,0.7960207567790849,2.0,1.0
39.0,3.0,24.0,475.0,320.0,20499.0,32640.0,0.0,0.0,0.7692142199426865,2.0,1.0
31.0,5.0,36.0,1372.0,975.0,64649.0,106640.0,0.0,0.0,0.7887834221147475,2.0,1.0
8.0,7.0,33.0,1453.0,985.0,69788.0,109600.0,0.0,0.0,0.7960207567790849,2.0,1.0
49.0,3.0,25.0,584.0,400.0,25514.0,40800.0,0.0,0.0,0.77201965525847,2.0,1.0
31.0,5.0,36.0,1372.0,975.0,64649.0,106640.0,0.0,0.0,0.7887834221147475,2.0,1.0
8.0,7.0,33.0,1453.0,985.0,69788.0,109600.0,0.0,0.0,0.7960207567790849,2.0,1.0
99.0,3.0,33.0,1096.0,795.0,50314.0,81040.0,0.0,0.0,0.7812965241861226,2.0,1.0
31.0,5.0,36.0,1372.0,975.0,64649.0,106640.0,0.0,0.0,0.7887834221147475,2.0,1.0
8.0,7.0,33.0,1453.0,985.0,69788.0,109600.0,0.0,0.0,0.7960207567790849,2.0,1.0
126.0,3.0,37.0,1369.0,1008.0,63297.0,102736.0,0.0,0.0,0.7854702546405858,2.0,1.0
31.0,5.0,36.0,1372.0,975.0,64649.0,106640.0,0.0,0.0,0.7887834221147475,2.0,1.0
8.0,7.0,33.0,1453.0,985.0,69788.0,109600.0,0.0,0.0,0.7960207567790849,2.0,1.0
4.0,3.0,10.0,69.0,40.0,2725.0,4080.0,0.0,0.0,0.7316850683717288,4.0,1.0
4.0,5.0,24.0,254.0,157.0,10560.0,17184.0,0.0,0.0,0.769980120995155,4.0,1.0
4.0,7.0,30.0,865.0,555.0,39815.0,61760.0,0.0,0.0,0.7911241534211682,4.0,1.0
9.0,3.0,17.0,133.0,80.0,5303.0,8160.0,0.0,0.0,0.7370119532197964,4.0,1.0
9.0,5.0,24.0,477.0,317.0,20799.0,34704.0,0.0,0.0,0.7767097235011144,4.0,1.0
8.0,7.0,34.0,1465.0,997.0,70133.0,110944.0,0.0,0.0,0.7957281653657823,4.0,1.0
14.0,3.0,18.0,189.0,120.0,7722.0,12240.0,0.0,0.0,0.7444041892205882,4.0,1.0
14.0,5.0,28.0,697.0,474.0,30864.0,51888.0,0.0,0.0,0.7785857507981722,4.0,1.0
8.0,7.0,34.0,1465.0,997.0,70133.0,110944.0,0.0,0.0,0.7957281653657823,4.0,1.0
19.0,3.0,19.0,245.0,160.0,10272.0,16320.0,0.0,0.0,0.7489909899055962,4.0,1.0
19.0,5.0,30.0,899.0,626.0,40857.0,68512.0,0.0,0.0,0.7824754954691359,4.0,1.0
8.0,7.0,34.0,1465.0,997.0,70133.0,110944.0,0.0,0.0,0.7957281653657823,4.0,1.0
29.0,3.0,23.0,362.0,240.0,15276.0,24480.0,0.0,0.0,0.7614003080815469,4.0,1.0
29.0,5.0,34.0,1305.0,927.0,61273.0,101424.0,0.0,0.0,0.7879056478748397,4.0,1.0
8.0,7.0,34.0,1465.0,997.0,70133.0,110944.0,0.0,0.0,0.7957281653657823,4.0,1.0
39.0,3.0,24.0,475.0,320.0,20499.0,32640.0,0.0,0.0,0.7692142199426865,4.0,1.0
31.0,5.0,36.0,1380.0,981.0,64933.0,107312.0,0.0,0.0,0.7889211121915958,4.0,1.0
8.0,7.0,34.0,1465.0,997.0,70133.0,110944.0,0.0,0.0,0.7957281653657823,4.0,1.0
49.0,3.0,25.0,584.0,400.0,25514.0,40800.0,0.0,0.0,0.77201965525847,4.0,1.0
31.0,5.0,36.0,1380.0,981.0,64933.0,107312.0,0.0,0.0,0.7889211121915958,4.0,1.0
8.0,7.0,34.0,1465.0,997.0,70133.0,110944.0,0.0,0.0,0.7957281653657823,4.0,1.0
99.0,3.0,33.0,1096.0,795.0,50314.0,81040.0,0.0,0.0,0.7812965241861226,4.0,1.0
31.0,5.0,36.0,1380.0,981.0,64933.0,107312.0,0.0,0.0,0.7889211121915958,4.0,1.0
8.0,7.0,34.0,1465.0,997.0,70133.0,110944.0,0.0,0.0,0.7957281653657823,4.0,1.0
127.0,3.0,37.0,1376.0,1013.0,63663.0,103216.0,0.0,0.0,0.7856940010154643,4.0,1.0
31.0,5.0,36.0,1380.0,981.0,64933.0,107312.0,0.0,0.0,0.7889211121915958,4.0,1.0
8.0,7.0,34.0,1465.0,997.0,70133.0,110944.0,0.0,0.0,0.7957281653657823,4.0,1.0
4.0,3.0,10.0,69.0,40.0,2725.0,4080.0,0.0,0.0,0.7316850683717288,8.0,1.0
4.0,5.0,24.0,252.0,156.0,10492.0,17072.0,0.0,0.0,0.769980120995155,8.0,1.0
4.0,7.0,30.0,849.0,546.0,39252.0,60752.0,0.0,0.0,0.7911241534211682,8.0,1.0
9.0,3.0,17.0,133.0,80.0,5303.0,8160.0,0.0,0.0,0.7370119532197964,8.0,1.0
9.0,5.0,24.0,473.0,313.0,20651.0,34256.0,0.0,0.0,0.7767097235011144,8.0,1.0
8.0,7.0,34.0,1427.0,970.0,68714.0,107920.0,0.0,0.0,0.7956937428465702,8.0,1.0
14.0,3.0,18.0,189.0,120.0,7722.0,12240.0,0.0,0.0,0.7444041892205882,8.0,1.0
14.0,5.0,28.0,690.0,468.0,30603.0,51216.0,0.0,0.0,0.7785857507981722,8.0,1.0
8.0,7.0,34.0,1427.0,970.0,68714.0,107920.0,0.0,0.0,0.7956937428465702,8.0,1.0
19.0,3.0,19.0,245.0,160.0,10272.0,16320.0,0.0,0.0,0.7489909899055962,8.0,1.0
19.0,5.0,30.0,889.0,618.0,40494.0,67616.0,0.0,0.0,0.7824754954691359,8.0,1.0
8.0,7.0,34.0,1427.0,970.0,68714.0,107920.0,0.0,0.0,0.7956937428465702,8.0,1.0
29.0,3.0,23.0,362.0,240.0,15276.0,24480.0,0.0,0.0,0.7614003080815469,8.0,1.0
29.0,5.0,34.0,1293.0,917.0,60835.0,100304.0,0.0,0.0,0.7879056478748397,8.0,1.0
8.0,7.0,34.0,1427.0,970.0,68714.0,107920.0,0.0,0.0,0.7956937428465702,8.0,1.0
39.0,3.0,24.0,475.0,320.0,20499.0,32640.0,0.0,0.0,0.7692142199426865,8.0,1.0
31.0,5.0,36.0,1370.0,972.0,64569.0,106304.0,0.0,0.0,0.7888780840425806,8.0,1.0
8.0,7.0,34.0,1427.0,970.0,68714.0,107920.0,0.0,0.0,0.7956937428465702,8.0,1.0
49.0,3.0,25.0,584.0,400.0,25514.0,40800.0,0.0,0.0,0.77201965525847,8.0,1.0
31.0,5.0,36.0,1370.0,972.0,64569.0,106304.0,0.0,0.0,0.7888780840425806,8.0,1.0
8.0,7.0,34.0,1427.0,970.0,68714.0,107920.0,0.0,0.0,0.7956937428465702,8.0,1.0
99.0,3.0,33.0,1090.0,790.0,50091.0,80480.0,0.0,0.0,0.7812362847775014,8.0,1.0
31.0,5.0,36.0,1370.0,972.0,64569.0,106304.0,0.0,0.0,0.7888780840425806,8.0,1.0
8.0,7.0,34.0,1427.0,970.0,68714.0,107920.0,0.0,0.0,0.7956937428465702,8.0,1.0
127.0,3.0,37.0,1373.0,1006.0,63514.0,102432.0,0.0,0.0,0.7853669870829497,8.0,1.0
31.0,5.0,36.0,1370.0,972.0,64569.0,106304.0,0.0,0.0,0.7888780840425806,8.0,1.0
8.0,7.0,34.0,1427.0,970.0,68714.0,107920.0,0.0,0.0,0.7956937428465702,8.0,1.0
4.0,3.0,10.0,69.0,40.0,2725.0,4080.0,0.0,0.0,0.7316850683717288,16.0,1.0
4.0,5.0,24.0,252.0,156.0,10492.0,17072.0,0.0,0.0,0.769980120995155,16.0,1.0
4.0,7.0,30.0,803.0,514.0,36864.0,57168.0,0.0,0.0,0.79107251964235,16.0,1.0
9.0,3.0,17.0,133.0,80.0,5303.0,8160.0,0.0,0.0,0.7370119532197964,16.0,1.0
9.0,5.0,24.0,468.0,310.0,20477.0,33920.0,0.0,0.0,0.7767097235011144,16.0,1.0
9.0,7.0,35.0,1437.0,974.0,71085.0,108288.0,0.0,0.0,0.7977935165185064,16.0,1.0
14.0,3.0,18.0,189.0,120.0,7722.0,12240.0,0.0,0.0,0.7444041892205882,16.0,1.0
14.0,5.0,28.0,681.0,462.0,30281.0,50544.0,0.0,0.0,0.7785771451683692,16.0,1.0
9.0,7.0,35.0,1437.0,974.0,71085.0,108288.0,0.0,0.0,0.7977935165185064,16.0,1.0
19.0,3.0,19.0,245.0,160.0,10272.0,16320.0,0.0,0.0,0.7489909899055962,16.0,1.0
19.0,5.0,30.0,880.0,611.0,40165.0,66832.0,0.0,0.0,0.7824754954691359,16.0,1.0
9.0,7.0,35.0,1437.0,974.0,71085.0,108288.0,0.0,0.0,0.7977935165185064,16.0,1.0
29.0,3.0,23.0,360.0,239.0,15208.0,24368.0,0.0,0.0,0.7614003080815469,16.0,1.0
29.0,5.0,35.0,1296.0,917.0,60922.0,100304.0,0.0,0.0,0.7879572816536579,16.0,1.0
9.0,7.0,35.0,1437.0,974.0,71085.0,108288.0,0.0,0.0,0.7977935165185064,16.0,1.0
39.0,3.0,24.0,472.0,318.0,20393.0,32416.0,0.0,0.0,0.7692142199426865,16.0,1.0
31.0,5.0,37.0,1372.0,972.0,64611.0,106304.0,0.0,0.0,0.789067407898247,16.0,1.0
9.0,7.0,35.0,1437.0,974.0,71085.0,108288.0,0.0,0.0,0.7977935165185064,16.0,1.0
49.0,3.0,25.0,587.0,398.0,25594.0,40576.0,0.0,0.0,0.7720798946670913,16.0,1.0
31.0,5.0,37.0,1372.0,972.0,64611.0,106304.0,0.0,0.0,0.789067407898247,16.0,1.0
9.0,7.0,35.0,1437.0,974.0,71085.0,108288.0,0.0,0.0,0.7977935165185064,16.0,1.0
99.0,3.0,34.0,1094.0,789.0,50181.0,80368.0,0.0,0.0,0.781511664931198,16.0,1.0
31.0,5.0,37.0,1372.0,972.0,64611.0,106304.0,0.0,0.0,0.789067407898247,16.0,1.0
9.0,7.0,35.0,1437.0,974.0,71085.0,108288.0,0.0,0.0,0.7977935165185064,16.0,1.0
127.0,3.0,37.0,1378.0,1006.0,63668.0,102432.0,0.0,0.0,0.7862275500632514,16.0,1.0
31.0,5.0,37.0,1372.0,972.0,64611.0,106304.0,0.0,0.0,0.789067407898247,16.0,1.0
9.0,7.0,35.0,1437.0,974.0,71085.0,108288.0,0.0,0.0,0.7977935165185064,16.0,1.0
4.0,3.0,10.0,69.0,40.0,2725.0,4080.0,0.0,0.0,0.7316850683717288,32.0,1.0
4.0,5.0,24.0,248.0,153.0,10351.0,16736.0,0.0,0.0,0.769971515365352,32.0,1.0
4.0,7.0,30.0,760.0,480.0,35321.0,53360.0,0.0,0.0,0.791063914012547,32.0,1.0
9.0,3.0,17.0,133.0,80.0,5303.0,8160.0,0.0,0.0,0.7370119532197964,32.0,1.0
9.0,5.0,24.0,459.0,303.0,20153.0,33136.0,0.0,0.0,0.7767011178713115,32.0,1.0
9.0,7.0,36.0,1398.0,941.0,69628.0,104592.0,0.0,0.0,0.7979828403741728,32.0,1.0
14.0,3.0,18.0,189.0,120.0,7722.0,12240.0,0.0,0.0,0.7444041892205882,32.0,1.0
14.0,5.0,27.0,666.0,450.0,29615.0,49200.0,0.0,0.0,0.7791192998459592,32.0,1.0
9.0,7.0,36.0,1398.0,941.0,69628.0,104592.0,0.0,0.0,0.7979828403741728,32.0,1.0
19.0,3.0,19.0,245.0,160.0,10272.0,16320.0,0.0,0.0,0.7489909899055962,32.0,1.0
19.0,5.0,29.0,862.0,596.0,39520.0,65152.0,0.0,0.0,0.7832327908918014,32.0,1.0
9.0,7.0,36.0,1398.0,941.0,69628.0,104592.0,0.0,0.0,0.7979828403741728,32.0,1.0
29.0,3.0,23.0,358.0,238.0,15140.0,24256.0,0.0,0.0,0.7614003080815469,32.0,1.0
29.0,5.0,36.0,1250.0,882.0,59087.0,96384.0,0.0,0.0,0.7879056478748397,32.0,1.0
9.0,7.0,36.0,1398.0,941.0,69628.0,104592.0,0.0,0.0,0.7979828403741728,32.0,1.0
39.0,3.0,24.0,469.0,316.0,20287.0,32192.0,0.0,0.0,0.7692056143128835,32.0,1.0
33.0,5.0,37.0,1380.0,982.0,65861.0,107264.0,0.0,0.0,0.7895149006480039,32.0,1.0
9.0,7.0,36.0,1398.0,941.0,69628.0,104592.0,0.0,0.0,0.7979828403741728,32.0,1.0
49.0,3.0,25.0,585.0,396.0,25525.0,40352.0,0.0,0.0,0.7720540777776822,32.0,1.0
33.0,5.0,37.0,1380.0,982.0,65861.0,107264.0,0.0,0.0,0.7895149006480039,32.0,1.0
9.0,7.0,36.0,1398.0,941.0,69628.0,104592.0,0.0,0.0,0.7979828403741728,32.0,1.0
99.0,3.0,33.0,1081.0,773.0,49704.0,78576.0,0.0,0.0,0.7814686367821829,32.0,1.0
33.0,5.0,37.0,1380.0,982.0,65861.0,107264.0,0.0,0.0,0.7895149006480039,32.0,1.0
9.0,7.0,36.0,1398.0,941.0,69628.0,104592.0,0.0,0.0,0.7979828403741728,32.0,1.0
133.0,3.0,38.0,1376.0,1017.0,64245.0,103184.0,0.0,0.0,0.7864599020679328,32.0,1.0
33.0,5.0,37.0,1380.0,982.0,65861.0,107264.0,0.0,0.0,0.7895149006480039,32.0,1.0
9.0,7.0,36.0,1398.0,941.0,69628.0,104592.0,0.0,0.0,0.7979828403741728,32.0,1.0
4.0,3.0,10.0,69.0,40.0,2725.0,4080.0,0.0,0.0,0.7316850683717288,64.0,1.0
4.0,5.0,24.0,246.0,152.0,10275.0,16624.0,0.0,0.0,0.769971515365352,64.0,1.0
4.0,7.0,27.0,699.0,446.0,33233.0,49552.0,0.0,0.0,0.7904873368157449,64.0,1.0
9.0,3.0,17.0,133.0,80.0,5303.0,8160.0,0.0,0.0,0.7370119532197964,64.0,1.0
9.0,5.0,24.0,450.0,298.0,19795.0,32576.0,0.0,0.0,0.7767011178713115,64.0,1.0
9.0,7.0,35.0,1268.0,862.0,65102.0,95744.0,0.0,0.0,0.7976472208118551,64.0,1.0
14.0,3.0,18.0,189.0,120.0,7722.0,12240.0,0.0,0.0,0.7444041892205882,64.0,1.0
14.0,5.0,25.0,646.0,440.0,28960.0,48080.0,0.0,0.0,0.7799454403070488,64.0,1.0
11.0,7.0,35.0,1386.0,950.0,73408.0,105440.0,0.0,0.0,0.7986971076478232,64.0,1.0
19.0,3.0,19.0,245.0,160.0,10272.0,16320.0,0.0,0.0,0.7489909899055962,64.0,1.0
19.0,5.0,29.0,830.0,569.0,38393.0,62128.0,0.0,0.0,0.781503059301395,64.0,1.0
11.0,7.0,35.0,1386.0,950.0,73408.0,105440.0,0.0,0.0,0.7986971076478232,64.0,1.0
29.0,3.0,23.0,353.0,235.0,14964.0,23920.0,0.0,0.0,0.7613830968219409,64.0,1.0
29.0,5.0,35.0,1185.0,826.0,56840.0,90112.0,0.0,0.0,0.7878023803172035,64.0,1.0
11.0,7.0,35.0,1386.0,950.0,73408.0,105440.0,0.0,0.0,0.7986971076478232,64.0,1.0
39.0,3.0,24.0,460.0,311.0,19974.0,31632.0,0.0,0.0,0.7691711917936714,64.0,1.0
36.0,5.0,36.0,1383.0,977.0,67443.0,106464.0,0.0,0.0,0.7906938719310173,64.0,1.0
11.0,7.0,35.0,1386.0,950.0,73408.0,105440.0,0.0,0.0,0.7986971076478232,64.0,1.0
49.0,3.0,25.0,573.0,389.0,25093.0,39568.0,0.0,0.0,0.7720024439988641,64.0,1.0
36.0,5.0,36.0,1383.0,977.0,67443.0,106464.0,0.0,0.0,0.7906938719310173,64.0,1.0
11.0,7.0,35.0,1386.0,950.0,73408.0,105440.0,0.0,0.0,0.7986971076478232,64.0,1.0
99.0,3.0,32.0,1060.0,758.0,48318.0,76896.0,0.0,0.0,0.7810555665516381,64.0,1.0
36.0,5.0,36.0,1383.0,977.0,67443.0,106464.0,0.0,0.0,0.7906938719310173,64.0,1.0
11.0,7.0,35.0,1386.0,950.0,73408.0,105440.0,0.0,0.0,0.7986971076478232,64.0,1.0
136.0,3.0,38.0,1374.0,1008.0,64566.0,101936.0,0.0,0.0,0.7864082682891147,64.0,1.0
36.0,5.0,36.0,1383.0,977.0,67443.0,106464.0,0.0,0.0,0.7906938719310173,64.0,1.0
11.0,7.0,35.0,1386.0,950.0,73408.0,105440.0,0.0,0.0,0.7986971076478232,64.0,1.0
4.0,3.0,10.0,69.0,40.0,2725.0,4080.0,0.0,0.0,0.7316850683717288,128.0,1.0
4.0,5.0,24.0,233.0,143.0,9834.0,15616.0,0.0,0.0,0.7698682478077158,128.0,1.0
4.0,7.0,26.0,575.0,363.0,28770.0,40256.0,0.0,0.0,0.7893686049413526,128.0,1.0
9.0,3.0,17.0,133.0,80.0,5303.0,8160.0,0.0,0.0,0.7370119532197964,128.0,1.0
9.0,5.0,24.0,421.0,275.0,18775.0,30000.0,0.0,0.0,0.7766408784626903,128.0,1.0
9.0,7.0,33.0,1037.0,696.0,56795.0,77152.0,0.0,0.0,0.7964424326394327,128.0,1.0
14.0,3.0,18.0,189.0,120.0,7722.0,12240.0,0.0,0.0,0.7444041892205882,128.0,1.0
14.0,5.0,26.0,587.0,397.0,26816.0,43264.0,0.0,0.0,0.7785685395385661,128.0,1.0
13.0,7.0,34.0,1383.0,947.0,77258.0,104944.0,0.0,0.0,0.8042993726495874,128.0,1.0
19.0,3.0,19.0,245.0,160.0,10272.0,16320.0,0.0,0.0,0.7489909899055962,128.0,1.0
19.0,5.0,27.0,757.0,520.0,35767.0,56640.0,0.0,0.0,0.7839814806846639,128.0,1.0
13.0,7.0,34.0,1383.0,947.0,77258.0,104944.0,0.0,0.0,0.8042993726495874,128.0,1.0
29.0,3.0,22.0,351.0,234.0,14911.0,23808.0,0.0,0.0,0.7620973640955914,128.0,1.0
29.0,5.0,32.0,1056.0,735.0,51181.0,79920.0,0.0,0.0,0.789032985379035,128.0,1.0
13.0,7.0,34.0,1383.0,947.0,77258.0,104944.0,0.0,0.0,0.8042993726495874,128.0,1.0
39.0,3.0,23.0,450.0,306.0,19607.0,31072.0,0.0,0.0,0.7693088818705197,128.0,1.0
39.0,5.0,36.0,1300.0,920.0,65884.0,99840.0,0.0,0.0,0.7924494204108328,128.0,1.0
13.0,7.0,34.0,1383.0,947.0,77258.0,104944.0,0.0,0.0,0.8042993726495874,128.0,1.0
49.0,3.0,25.0,548.0,377.0,24213.0,38224.0,0.0,0.0,0.771942204590243,128.0,1.0
42.0,5.0,36.0,1366.0,974.0,69779.0,105648.0,0.0,0.0,0.793077631386453,128.0,1.0
13.0,7.0,34.0,1383.0,947.0,77258.0,104944.0,0.0,0.0,0.8042993726495874,128.0,1.0
99.0,3.0,32.0,1005.0,716.0,46313.0,72192.0,0.0,0.0,0.7809867215132139,128.0,1.0
42.0,5.0,36.0,1366.0,974.0,69779.0,105648.0,0.0,0.0,0.793077631386453,128.0,1.0
13.0,7.0,34.0,1383.0,947.0,77258.0,104944.0,0.0,0.0,0.8042993726495874,128.0,1.0
146.0,3.0,41.0,1377.0,1015.0,65738.0,101920.0,0.0,0.0,0.7880777604709001,128.0,1.0
42.0,5.0,36.0,1366.0,974.0,69779.0,105648.0,0.0,0.0,0.793077631386453,128.0,1.0
13.0,7.0,34.0,1383.0,947.0,77258.0,104944.0,0.0,0.0,0.8042993726495874,128.0,1.0
4.0,3.0,10.0,69.0,40.0,2725.0,4080.0,0.0,0.0,0.7316850683717288,256.0,1.0
4.0,5.0,24.0,209.0,126.0,8831.0,13712.0,0.0,0.0,0.7697391633606705,256.0,1.0
4.0,7.0,26.0,439.0,272.0,23978.0,30064.0,0.0,0.0,0.7867180709620234,256.0,1.0
9.0,3.0,17.0,133.0,80.0,5303.0,8160.0,0.0,0.0,0.7370119532197964,256.0,1.0
9.0,5.0,25.0,382.0,246.0,17137.0,26752.0,0.0,0.0,0.7754619071796769,256.0,1.0
9.0,7.0,29.0,796.0,516.0,46773.0,56992.0,0.0,0.0,0.7942307857800573,256.0,1.0
14.0,3.0,17.0,186.0,118.0,7639.0,12016.0,0.0,0.0,0.7444041892205882,256.0,1.0
14.0,5.0,26.0,527.0,347.0,24741.0,37664.0,0.0,0.0,0.7778714835245217,256.0,1.0
14.0,7.0,35.0,1101.0,737.0,69222.0,81344.0,0.0,0.0,0.8003665998296086,256.0,1.0
19.0,3.0,19.0,240.0,156.0,10098.0,15872.0,0.0,0.0,0.7489909899055962,256.0,1.0
19.0,5.0,27.0,648.0,435.0,31327.0,47120.0,0.0,0.0,0.7808404258065627,256.0,1.0
19.0,7.0,35.0,1338.0,913.0,87857.0,100656.0,0.0,0.0,0.80313761262618,256.0,1.0
29.0,3.0,21.0,326.0,215.0,14034.0,21680.0,0.0,0.0,0.7614003080815469,256.0,1.0
29.0,5.0,31.0,904.0,616.0,45636.0,66592.0,0.0,0.0,0.7868987891878867,256.0,1.0
20.0,7.0,35.0,1394.0,958.0,91939.0,105616.0,0.0,0.0,0.8042821613899813,256.0,1.0
39.0,3.0,22.0,416.0,279.0,18435.0,28048.0,0.0,0.0,0.7697563746202766,256.0,1.0
39.0,5.0,32.0,1098.0,757.0,57239.0,81584.0,0.0,0.0,0.789557928797019,256.0,1.0
20.0,7.0,35.0,1394.0,958.0,91939.0,105616.0,0.0,0.0,0.8042821613899813,256.0,1.0
49.0,3.0,23.0,504.0,342.0,22536.0,34304.0,0.0,0.0,0.7723638804505908,256.0,1.0
49.0,5.0,33.0,1237.0,866.0,68624.0,92992.0,0.0,0.0,0.7919847164014698,256.0,1.0
20.0,7.0,35.0,1394.0,958.0,91939.0,105616.0,0.0,0.0,0.8042821613899813,256.0,1.0
99.0,3.0,33.0,895.0,640.0,43035.0,63680.0,0.0,0.0,0.7808060032873506,256.0,1.0
58.0,5.0,35.0,1352.0,960.0,77151.0,102800.0,0.0,0.0,0.794110306962815,256.0,1.0
20.0,7.0,35.0,1394.0,958.0,91939.0,105616.0,0.0,0.0,0.8042821613899813,256.0,1.0
112.0,3.0,35.0,997.0,715.0,48119.0,71040.0,0.0,0.0,0.7825873686565751,256.0,1.0
58.0,5.0,35.0,1352.0,960.0,77151.0,102800.0,0.0,0.0,0.794110306962815,256.0,1.0
20.0,7.0,35.0,1394.0,958.0,91939.0,105616.0,0.0,0.0,0.8042821613899813,256.0,1.0
4.0,3.0,9.0,63.0,36.0,2537.0,3632.0,0.0,0.0,0.7316850683717288,512.0,1.0
4.0,5.0,20.0,161.0,92.0,7231.0,9904.0,0.0,0.0,0.7655740385360102,512.0,1.0
4.0,7.0,24.0,290.0,177.0,18079.0,19424.0,0.0,0.0,0.7803585105375936,512.0,1.0
9.0,3.0,15.0,124.0,73.0,4962.0,7376.0,0.0,0.0,0.7363751366143731,512.0,1.0
9.0,5.0,21.0,299.0,183.0,14270.0,19696.0,0.0,0.0,0.7744636541225269,512.0,1.0
9.0,7.0,26.0,535.0,341.0,36268.0,37392.0,0.0,0.0,0.7873634931972496,512.0,1.0
14.0,3.0,16.0,175.0,108.0,7178.0,10896.0,0.0,0.0,0.7447570200425118,512.0,1.0
14.0,5.0,23.0,425.0,266.0,21145.0,28592.0,0.0,0.0,0.7769592867654019,512.0,1.0
14.0,7.0,29.0,733.0,479.0,52326.0,52448.0,0.0,0.0,0.7903410411090935,512.0,1.0
19.0,3.0,16.0,220.0,140.0,9283.0,14080.0,0.0,0.0,0.7496278065110195,512.0,1.0
19.0,5.0,25.0,523.0,335.0,26824.0,35920.0,0.0,0.0,0.779480736297686,512.0,1.0
19.0,7.0,30.0,882.0,584.0,69118.0,63808.0,0.0,0.0,0.7946266447509961,512.0,1.0
29.0,3.0,17.0,296.0,197.0,13006.0,19664.0,0.0,0.0,0.7616326600862284,512.0,1.0
29.0,5.0,29.0,712.0,470.0,37951.0,50240.0,0.0,0.0,0.7838179737184066,512.0,1.0
29.0,7.0,33.0,1094.0,751.0,99518.0,81712.0,0.0,0.0,0.7978623615569306,512.0,1.0
39.0,3.0,19.0,374.0,252.0,16693.0,25024.0,0.0,0.0,0.7685171639286421,512.0,1.0
39.0,5.0,33.0,859.0,581.0,50060.0,61872.0,0.0,0.0,0.7873979157164617,512.0,1.0
34.0,7.0,36.0,1129.0,777.0,110904.0,84224.0,0.0,0.0,0.7978623615569306,512.0,1.0
49.0,3.0,21.0,446.0,304.0,20541.0,30048.0,0.0,0.0,0.770961162792699,512.0,1.0
40.0,5.0,34.0,869.0,588.0,50889.0,62576.0,0.0,0.0,0.7876646902403552,512.0,1.0
34.0,7.0,36.0,1129.0,777.0,110904.0,84224.0,0.0,0.0,0.7978623615569306,512.0,1.0
74.0,3.0,27.0,624.0,436.0,29452.0,42832.0,0.0,0.0,0.7757631042227825,512.0,1.0
40.0,5.0,34.0,869.0,588.0,50889.0,62576.0,0.0,0.0,0.7876646902403552,512.0,1.0
34.0,7.0,36.0,1129.0,777.0,110904.0,84224.0,0.0,0.0,0.7978623615569306,512.0,1.0
74.0,3.0,27.0,624.0,436.0,29452.0,42832.0,0.0,0.0,0.7757631042227825,512.0,1.0
40.0,5.0,34.0,869.0,588.0,50889.0,62576.0,0.0,0.0,0.7876646902403552,512.0,1.0
34.0,7.0,36.0,1129.0,777.0,110904.0,84224.0,0.0,0.0,0.7978623615569306,512.0,1.0
4.0,3.0,8.0,59.0,34.0,2358.0,3408.0,0.0,0.0,0.7316850683717288,1024.0,1.0
4.0,5.0,16.0,135.0,77.0,6202.0,8224.0,0.0,0.0,0.7648683768921628,1024.0,1.0
4.0,7.0,18.0,199.0,122.0,14323.0,13264.0,0.0,0.0,0.7752984002134197,1024.0,1.0
9.0,3.0,13.0,119.0,70.0,4827.0,7040.0,0.0,0.0,0.7363837422441761,1024.0,1.0
9.0,5.0,17.0,250.0,151.0,12595.0,16112.0,0.0,0.0,0.77147750058088,1024.0,1.0
9.0,7.0,20.0,345.0,218.0,28367.0,23616.0,0.0,0.0,0.7797216939321704,1024.0,1.0
14.0,3.0,14.0,170.0,105.0,7027.0,10560.0,0.0,0.0,0.7441890484755127,1024.0,1.0
14.0,5.0,18.0,343.0,213.0,17855.0,22656.0,0.0,0.0,0.7736805418104524,1024.0,1.0
14.0,7.0,23.0,448.0,288.0,42189.0,31056.0,0.0,0.0,0.7794549194082769,1024.0,1.0
19.0,3.0,15.0,220.0,138.0,9301.0,13856.0,0.0,0.0,0.7500322711117613,1024.0,1.0
19.0,5.0,19.0,422.0,269.0,23285.0,28528.0,0.0,0.0,0.7754016677710558,1024.0,1.0
19.0,7.0,24.0,545.0,353.0,54643.0,37936.0,0.0,0.0,0.7823636222816966,1024.0,1.0
29.0,3.0,16.0,294.0,193.0,12741.0,19216.0,0.0,0.0,0.7616670826054405,1024.0,1.0
29.0,5.0,23.0,544.0,357.0,32040.0,37584.0,0.0,0.0,0.7790762716969442,1024.0,1.0
27.0,7.0,25.0,619.0,411.0,71509.0,43792.0,0.0,0.0,0.7837663399395884,1024.0,1.0
39.0,3.0,17.0,363.0,241.0,16303.0,23792.0,0.0,0.0,0.769945698475943,1024.0,1.0
30.0,5.0,23.0,554.0,364.0,32825.0,38288.0,0.0,0.0,0.7793774687400498,1024.0,1.0
27.0,7.0,25.0,619.0,411.0,71509.0,43792.0,0.0,0.0,0.7837663399395884,1024.0,1.0
48.0,3.0,18.0,420.0,282.0,19620.0,27664.0,0.0,0.0,0.771460289321274,1024.0,1.0
30.0,5.0,23.0,554.0,364.0,32825.0,38288.0,0.0,0.0,0.7793774687400498,1024.0,1.0
27.0,7.0,25.0,619.0,411.0,71509.0,43792.0,0.0,0.0,0.7837663399395884,1024.0,1.0
48.0,3.0,18.0,420.0,282.0,19620.0,27664.0,0.0,0.0,0.771460289321274,1024.0,1.0
30.0,5.0,23.0,554.0,364.0,32825.0,38288.0,0.0,0.0,0.7793774687400498,1024.0,1.0
27.0,7.0,25.0,619.0,411.0,71509.0,43792.0,0.0,0.0,0.7837663399395884,1024.0,1.0
48.0,3.0,18.0,420.0,282.0,19620.0,27664.0,0.0,0.0,0.771460289321274,1024.0,1.0
30.0,5.0,23.0,554.0,364.0,32825.0,38288.0,0.0,0.0,0.7793774687400498,1024.0,1.0
27.0,7.0,25.0,619.0,411.0,71509.0,43792.0,0.0,0.0,0.7837663399395884,1024.0,1.0
4.0,3.0,7.0,53.0,31.0,2103.0,3072.0,0.0,0.0,0.7310482517663055,2048.0,1.0
4.0,5.0,14.0,98.0,56.0,4789.0,5872.0,0.0,0.0,0.7590509711453233,2048.0,1.0
4.0,7.0,15.0,128.0,74.0,11299.0,7888.0,0.0,0.0,0.7665981084825693,2048.0,1.0
9.0,3.0,12.0,113.0,66.0,4638.0,6592.0,0.0,0.0,0.7345593487259365,2048.0,1.0
9.0,5.0,15.0,180.0,110.0,9516.0,11520.0,0.0,0.0,0.7612970405239108,2048.0,1.0
9.0,7.0,16.0,222.0,134.0,22882.0,14208.0,0.0,0.0,0.7686032202266723,2048.0,1.0
14.0,3.0,14.0,157.0,95.0,6571.0,9440.0,0.0,0.0,0.7409447260397752,2048.0,1.0
14.0,5.0,15.0,242.0,151.0,13921.0,15712.0,0.0,0.0,0.7661420101030094,2048.0,1.0
14.0,7.0,16.0,275.0,172.0,32377.0,18064.0,0.0,0.0,0.7686634596352934,2048.0,1.0
19.0,3.0,14.0,196.0,123.0,8336.0,12176.0,0.0,0.0,0.746830976825039,2048.0,1.0
19.0,5.0,16.0,290.0,186.0,17468.0,19232.0,0.0,0.0,0.768981867938005,2048.0,1.0
19.0,7.0,17.0,313.0,200.0,43897.0,20800.0,0.0,0.0,0.7698424309183067,2048.0,1.0
29.0,3.0,15.0,261.0,170.0,11622.0,16640.0,0.0,0.0,0.7571577325886595,2048.0,1.0
24.0,5.0,16.0,323.0,210.0,20500.0,21520.0,0.0,0.0,0.7700059378845641,2048.0,1.0
24.0,7.0,18.0,335.0,218.0,52916.0,22416.0,0.0,0.0,0.7705825150813662,2048.0,1.0
32.0,3.0,15.0,275.0,182.0,12373.0,17744.0,0.0,0.0,0.7612798292643047,2048.0,1.0
24.0,5.0,16.0,323.0,210.0,20500.0,21520.0,0.0,0.0,0.7700059378845641,2048.0,1.0
24.0,7.0,18.0,335.0,218.0,52916.0,22416.0,0.0,0.0,0.7705825150813662,2048.0,1.0
32.0,3.0,15.0,275.0,182.0,12373.0,17744.0,0.0,0.0,0.7612798292643047,2048.0,1.0
24.0,5.0,16.0,323.0,210.0,20500.0,21520.0,0.0,0.0,0.7700059378845641,2048.0,1.0
24.0,7.0,18.0,335.0,218.0,52916.0,22416.0,0.0,0.0,0.7705825150813662,2048.0,1.0
32.0,3.0,15.0,275.0,182.0,12373.0,17744.0,0.0,0.0,0.7612798292643047,2048.0,1.0
24.0,5.0,16.0,323.0,210.0,20500.0,21520.0,0.0,0.0,0.7700059378845641,2048.0,1.0
24.0,7.0,18.0,335.0,218.0,52916.0,22416.0,0.0,0.0,0.7705825150813662,2048.0,1.0
32.0,3.0,15.0,275.0,182.0,12373.0,17744.0,0.0,0.0,0.7612798292643047,2048.0,1.0
24.0,5.0,16.0,323.0,210.0,20500.0,21520.0,0.0,0.0,0.7700059378845641,2048.0,1.0
24.0,7.0,18.0,335.0,218.0,52916.0,22416.0,0.0,0.0,0.7705825150813662,2048.0,1.0
4.0,3.0,7.0,49.0,29.0,1967.0,2848.0,0.0,0.0,0.7310482517663055,4096.0,1.0
4.0,5.0,11.0,66.0,39.0,3737.0,3968.0,0.0,0.0,0.7477775961033708,4096.0,1.0
4.0,7.0,11.0,72.0,43.0,8739.0,4416.0,0.0,0.0,0.7507207214960027,4096.0,1.0
9.0,3.0,10.0,93.0,55.0,3884.0,5360.0,0.0,0.0,0.7356436580811166,4096.0,1.0
9.0,5.0,11.0,110.0,68.0,7170.0,6816.0,0.0,0.0,0.7474333709112502,4096.0,1.0
9.0,7.0,11.0,110.0,68.0,17726.0,6816.0,0.0,0.0,0.7494642995447622,4096.0,1.0
14.0,3.0,12.0,131.0,81.0,5725.0,7872.0,0.0,0.0,0.7417106270922438,4096.0,1.0
14.0,5.0,11.0,147.0,92.0,10236.0,9104.0,0.0,0.0,0.7509272566112751,4096.0,1.0
14.0,7.0,12.0,152.0,94.0,26250.0,9328.0,0.0,0.0,0.7469686669018872,4096.0,1.0
19.0,3.0,14.0,158.0,101.0,7037.0,9712.0,0.0,0.0,0.7432596404567868,4096.0,1.0
19.0,5.0,13.0,179.0,114.0,13063.0,11168.0,0.0,0.0,0.7486123421942635,4096.0,1.0
19.0,7.0,12.0,171.0,109.0,33925.0,10608.0,0.0,0.0,0.745342202869117,4096.0,1.0
21.0,3.0,14.0,168.0,109.0,7547.0,10448.0,0.0,0.0,0.7449807664173903,4096.0,1.0
19.0,5.0,13.0,179.0,114.0,13063.0,11168.0,0.0,0.0,0.7486123421942635,4096.0,1.0
19.0,7.0,12.0,171.0,109.0,33925.0,10608.0,0.0,0.0,0.745342202869117,4096.0,1.0
21.0,3.0,14.0,168.0,109.0,7547.0,10448.0,0.0,0.0,0.7449807664173903,4096.0,1.0
19.0,5.0,13.0,179.0,114.0,13063.0,11168.0,0.0,0.0,0.7486123421942635,4096.0,1.0
19.0,7.0,12.0,171.0,109.0,33925.0,10608.0,0.0,0.0,0.745342202869117,4096.0,1.0
21.0,3.0,14.0,168.0,109.0,7547.0,10448.0,0.0,0.0,0.7449807664173903,4096.0,1.0
19.0,5.0,13.0,179.0,114.0,13063.0,11168.0,0.0,0.0,0.7486123421942635,4096.0,1.0
19.0,7.0,12.0,171.0,109.0,33925.0,10608.0,0.0,0.0,0.745342202869117,4096.0,1.0
21.0,3.0,14.0,168.0,109.0,7547.0,10448.0,0.0,0.0,0.7449807664173903,4096.0,1.0
19.0,5.0,13.0,179.0,114.0,13063.0,11168.0,0.0,0.0,0.7486123421942635,4096.0,1.0
19.0,7.0,12.0,171.0,109.0,33925.0,10608.0,0.0,0.0,0.745342202869117,4096.0,1.0
21.0,3.0,14.0,168.0,109.0,7547.0,10448.0,0.0,0.0,0.7449807664173903,4096.0,1.0
19.0,5.0,13.0,179.0,114.0,13063.0,11168.0,0.0,0.0,0.7486123421942635,4096.0,1.0
19.0,7.0,12.0,171.0,109.0,33925.0,10608.0,0.0,0.0,0.745342202869117,4096.0,1.0
4.0,3.0,2.0,30.0,19.0,1265.0,1728.0,0.0,0.0,0.729318520175899,8192.0,1.0
4.0,5.0,2.0,30.0,19.0,1985.0,1728.0,0.0,0.0,0.729318520175899,8192.0,1.0
4.0,7.0,2.0,30.0,19.0,4865.0,1728.0,0.0,0.0,0.729318520175899,8192.0,1.0
9.0,3.0,3.0,57.0,36.0,2569.0,3232.0,0.0,0.0,0.7277092674027349,8192.0,1.0
9.0,5.0,3.0,57.0,36.0,4489.0,3232.0,0.0,0.0,0.7277092674027349,8192.0,1.0
9.0,7.0,3.0,57.0,36.0,12169.0,3232.0,0.0,0.0,0.7277092674027349,8192.0,1.0
14.0,3.0,4.0,78.0,51.0,3608.0,4512.0,0.0,0.0,0.7293271258057021,8192.0,1.0
14.0,5.0,4.0,78.0,51.0,6488.0,4512.0,0.0,0.0,0.7293271258057021,8192.0,1.0
14.0,7.0,4.0,78.0,51.0,18008.0,4512.0,0.0,0.0,0.7293271258057021,8192.0,1.0
14.0,3.0,4.0,78.0,51.0,3608.0,4512.0,0.0,0.0,0.7293271258057021,8192.0,1.0
14.0,5.0,4.0,78.0,51.0,6488.0,4512.0,0.0,0.0,0.7293271258057021,8192.0,1.0
14.0,7.0,4.0,78.0,51.0,18008.0,4512.0,0.0,0.0,0.7293271258057021,8192.0,1.0
14.0,3.0,4.0,78.0,51.0,3608.0,4512.0,0.0,0.0,0.7293271258057021,8192.0,1.0
14.0,5.0,4.0,78.0,51.0,6488.0,4512.0,0.0,0.0,0.7293271258057021,8192.0,1.0
14.0,7.0,4.0,78.0,51.0,18008.0,4512.0,0.0,0.0,0.7293271258057021,8192.0,1.0
14.0,3.0,4.0,78.0,51.0,3608.0,4512.0,0.0,0.0,0.7293271258057021,8192.0,1.0
14.0,5.0,4.0,78.0,51.0,6488.0,4512.0,0.0,0.0,0.7293271258057021,8192.0,1.0
14.0,7.0,4.0,78.0,51.0,18008.0,4512.0,0.0,0.0,0.7293271258057021,8192.0,1.0
14.0,3.0,4.0,78.0,51.0,3608.0,4512.0,0.0,0.0,0.7293271258057021,8192.0,1.0
14.0,5.0,4.0,78.0,51.0,6488.0,4512.0,0.0,0.0,0.7293271258057021,8192.0,1.0
14.0,7.0,4.0,78.0,51.0,18008.0,4512.0,0.0,0.0,0.7293271258057021,8192.0,1.0
14.0,3.0,4.0,78.0,51.0,3608.0,4512.0,0.0,0.0,0.7293271258057021,8192.0,1.0
14.0,5.0,4.0,78.0,51.0,6488.0,4512.0,0.0,0.0,0.7293271258057021,8192.0,1.0
14.0,7.0,4.0,78.0,51.0,18008.0,4512.0,0.0,0.0,0.7293271258057021,8192.0,1.0
14.0,3.0,4.0,78.0,51.0,3608.0,4512.0,0.0,0.0,0.7293271258057021,8192.0,1.0
14.0,5.0,4.0,78.0,51.0,6488.0,4512.0,0.0,0.0,0.7293271258057021,8192.0,1.0
14.0,7.0,4.0,78.0,51.0,18008.0,4512.0,0.0,0.0,0.7293271258057021,8192.0,1.0
4.0,3.0,2.0,22.0,15.0,942.0,1280.0,0.0,0.0,0.7287075204598848,16384.0,1.0
4.0,5.0,2.0,22.0,15.0,1542.0,1280.0,0.0,0.0,0.7287075204598848,16384.0,1.0
4.0,7.0,2.0,22.0,15.0,3942.0,1280.0,0.0,0.0,0.7287075204598848,16384.0,1.0
9.0,3.0,2.0,44.0,29.0,1968.0,2448.0,0.0,0.0,0.7287075204598848,16384.0,1.0
9.0,5.0,2.0,44.0,29.0,3408.0,2448.0,0.0,0.0,0.7287075204598848,16384.0,1.0
9.0,7.0,2.0,44.0,29.0,9168.0,2448.0,0.0,0.0,0.7287075204598848,16384.0,1.0
9.0,3.0,2.0,44.0,29.0,1968.0,2448.0,0.0,0.0,0.7287075204598848,16384.0,1.0
9.0,5.0,2.0,44.0,29.0,3408.0,2448.0,0.0,0.0,0.7287075204598848,16384.0,1.0
9.0,7.0,2.0,44.0,29.0,9168.0,2448.0,0.0,0.0,0.7287075204598848,16384.0,1.0
9.0,3.0,2.0,44.0,29.0,1968.0,2448.0,0.0,0.0,0.7287075204598848,16384.0,1.0
9.0,5.0,2.0,44.0,29.0,3408.0,2448.0,0.0,0.0,0.7287075204598848,16384.0,1.0
9.0,7.0,2.0,44.0,29.0,9168.0,2448.0,0.0,0.0,0.7287075204598848,16384.0,1.0
9.0,3.0,2.0,44.0,29.0,1968.0,2448.0,0.0,0.0,0.7287075204598848,16384.0,1.0
9.0,5.0,2.0,44.0,29.0,3408.0,2448.0,0.0,0.0,0.7287075204598848,16384.0,1.0
9.0,7.0,2.0,44.0,29.0,9168.0,2448.0,0.0,0.0,0.7287075204598848,16384.0,1.0
9.0,3.0,2.0,44.0,29.0,1968.0,2448.0,0.0,0.0,0.7287075204598848,16384.0,1.0
9.0,5.0,2.0,44.0,29.0,3408.0,2448.0,0.0,0.0,0.7287075204598848,16384.0,1.0
9.0,7.0,2.0,44.0,29.0,9168.0,2448.0,0.0,0.0,0.7287075204598848,16384.0,1.0
9.0,3.0,2.0,44.0,29.0,1968.0,2448.0,0.0,0.0,0.7287075204598848,16384.0,1.0
9.0,5.0,2.0,44.0,29.0,3408.0,2448.0,0.0,0.0,0.7287075204598848,16384.0,1.0
9.0,7.0,2.0,44.0,29.0,9168.0,2448.0,0.0,0.0,0.7287075204598848,16384.0,1.0
9.0,3.0,2.0,44.0,29.0,1968.0,2448.0,0.0,0.0,0.7287075204598848,16384.0,1.0
9.0,5.0,2.0,44.0,29.0,3408.0,2448.0,0.0,0.0,0.7287075204598848,16384.0,1.0
9.0,7.0,2.0,44.0,29.0,9168.0,2448.0,0.0,0.0,0.7287075204598848,16384.0,1.0
9.0,3.0,2.0,44.0,29.0,1968.0,2448.0,0.0,0.0,0.7287075204598848,16384.0,1.0
9.0,5.0,2.0,44.0,29.0,3408.0,2448.0,0.0,0.0,0.7287075204598848,16384.0,1.0
9.0,7.0,2.0,44.0,29.0,9168.0,2448.0,0.0,0.0,0.7287075204598848,16384.0,1.0
4.0,3.0,2.0,22.0,15.0,942.0,1280.0,0.0,0.0,0.7287075204598848,32768.0,1.0
4.0,5.0,2.0,22.0,15.0,1542.0,1280.0,0.0,0.0,0.7287075204598848,32768.0,1.0
4.0,7.0,2.0,22.0,15.0,3942.0,1280.0,0.0,0.0,0.7287075204598848,32768.0,1.0
5.0,3.0,2.0,25.0,17.0,1128.0,1424.0,0.0,0.0,0.7287075204598848,32768.0,1.0
5.0,5.0,2.0,25.0,17.0,1992.0,1424.0,0.0,0.0,0.7287075204598848,32768.0,1.0
5.0,7.0,2.0,25.0,17.0,5448.0,1424.0,0.0,0.0,0.7287075204598848,32768.0,1.0
5.0,3.0,2.0,25.0,17.0,1128.0,1424.0,0.0,0.0,0.7287075204598848,32768.0,1.0
5.0,5.0,2.0,25.0,17.0,1992.0,1424.0,0.0,0.0,0.7287075204598848,32768.0,1.0
5.0,7.0,2.0,25.0,17.0,5448.0,1424.0,0.0,0.0,0.7287075204598848,32768.0,1.0
5.0,3.0,2.0,25.0,17.0,1128.0,1424.0,0.0,0.0,0.7287075204598848,32768.0,1.0
5.0,5.0,2.0,25.0,17.0,1992.0,1424.0,0.0,0.0,0.7287075204598848,32768.0,1.0
5.0,7.0,2.0,25.0,17.0,5448.0,1424.0,0.0,0.0,0.7287075204598848,32768.0,1.0
5.0,3.0,2.0,25.0,17.0,1128.0,1424.0,0.0,0.0,0.7287075204598848,32768.0,1.0
5.0,5.0,2.0,25.0,17.0,1992.0,1424.0,0.0,0.0,0.7287075204598848,32768.0,1.0
5.0,7.0,2.0,25.0,17.0,5448.0,1424.0,0.0,0.0,0.7287075204598848,32768.0,1.0
5.0,3.0,2.0,25.0,17.0,1128.0,1424.0,0.0,0.0,0.7287075204598848,32768.0,1.0
5.0,5.0,2.0,25.0,17.0,1992.0,1424.0,0.0,0.0,0.7287075204598848,32768.0,1.0
5.0,7.0,2.0,25.0,17.0,5448.0,1424.0,0.0,0.0,0.7287075204598848,32768.0,1.0
5.0,3.0,2.0,25.0,17.0,1128.0,1424.0,0.0,0.0,0.7287075204598848,32768.0,1.0
5.0,5.0,2.0,25.0,17.0,1992.0,1424.0,0.0,0.0,0.7287075204598848,32768.0,1.0
5.0,7.0,2.0,25.0,17.0,5448.0,1424.0,0.0,0.0,0.7287075204598848,32768.0,1.0
5.0,3.0,2.0,25.0,17.0,1128.0,1424.0,0.0,0.0,0.7287075204598848,32768.0,1.0
5.0,5.0,2.0,25.0,17.0,1992.0,1424.0,0.0,0.0,0.7287075204598848,32768.0,1.0
5.0,7.0,2.0,25.0,17.0,5448.0,1424.0,0.0,0.0,0.7287075204598848,32768.0,1.0
5.0,3.0,2.0,25.0,17.0,1128.0,1424.0,0.0,0.0,0.7287075204598848,32768.0,1.0
5.0,5.0,2.0,25.0,17.0,1992.0,1424.0,0.0,0.0,0.7287075204598848,32768.0,1.0
5.0,7.0,2.0,25.0,17.0,5448.0,1424.0,0.0,0.0,0.7287075204598848,32768.0,1.0
